onexpressway,locationaccident,locationweather
BKE,PIE(City) Exit,Bishan
BKE,KJE Exit,Bukit Panjang
BKE,KJE Entrance,Bukit Panjang
BKE,Woodlands Rd.,Kranji
BKE,SLE Exit,Woodlands
BKE,SLE Entrance,Woodlands
BKE,Mandai Rd Exit,Bukit Panjang
BKE,Woodlands Checkpoint.,Woodlands
BKE,PIE Entrance,Bukit Timah
BKE,PIE Exit,Bukit Timah
BKE,Dairy Farm Rd Exit,Upper Bukit Timah
BKE,Bukit Panjang Rd Exit,Bukit Panjang
BKE,Turf Club Ave.,Kranji
BKE,Woodlands Ave 3 Exit,Woodlands
BKE,Woodlands Rd Exit,Woodlands
BKE,Woodlands Centre Rd Exit,Woodlands
BKE,Chantek Flyover,Bukit Timah
BKE,Dairy Farm Flyover,Upper Bukit Timah
BKE,Zhenghua Flyover,Peirce Reservoir
BKE,Gali Batu Flyover,Bukit Panjang
BKE,Mandai Flyover,Bukit Panjang
BKE,Woodlands South Flyover,Woodlands
BKE,Woodlands Flyover,Woodlands Flyover
BKE,KJE(PIE) Exit,Jurong East/West
BKE,SLE(CTE) Exit,Woodlands
BKE,SLE(PIE) Exit,Woodlands
BKE,KJE(Tuas) Exit,Bukit Panjang
KJE,PIE Entrance,Jurong East/West
KJE,Woodlands Rd Exit,Kranji
KJE,Brickland Rd Exit,Choa Chu Kang
KJE,PIE Exit,Jurong East/West
KJE,BKE Exit,Bukit Panjang
KJE,BKE Entrance,Bukit Panjang
KJE,Sungei Tengah Rd Exit,Choa Chu Kang
KJE,Gali Batu Flyover,Bukit Panjang
KJE,Yew Tee Flyover,Choa Chu Kang
KJE,Choa Chu Kang Flyover,Choa Chu Kang
KJE,Choa Chu Kang West Flyover,Choa Chu Kang
KJE,Lam San Flyover,Choa Chu Kang
KJE,Tengah Flyover,Jurong East/West
KJE,Old Choa Chu Kang Rd Exit,Jurong East/West
KJE,PIE(Changi) Exit,Jurong East/West
KJE,PIE(Tuas) Exit,Jurong East/West
KJE,BKE(Woodlands) Exit,Woodlands
KJE,Choa Chu Kang Way.,Choa Chu Kang
KJE,Choa Chu Kang Drive Exit,Choa Chu Kang
KJE,Choa Chu Kang Dr Exit,Choa Chu Kang
KJE,PIE(Changi) Exit,Jurong East/West
KJE,PIE(Tuas) Exit,Jurong Industrial Estate
KJE,BKE(Woodlands) Exit,Woodlands
SLE,TPE Entrance,Seletar
SLE,Lentor Ave Exit,Yishun
SLE,Mandai Ave.,Yishun
SLE,BKE Entrance,Woodlands
SLE,BKE Exit,Woodlands
SLE,TPE Exit,Seletar
SLE,CTE Exit,Ang Mo Kio
SLE,CTE Entrance,Ang Mo Kio
SLE,Mandai Rd.,Bukit Panjang
SLE,Upper Thomson Rd Exit,Ang Mo Kio
SLE,Woodlands Ave 12 Exit,Woodlands
SLE,Woodlands Ave 2 Exit,Woodlands
SLE,Turf Club Ave.,Kranji
SLE,Ang Mo Kio Ave 6 Exit,Ang Mo Kio
SLE,Yio Chu Kang Rd Exit,Ang Mo Kio
SLE,TPE(PIE) Exit,Seletar
SLE,BKE(PIE) Exit,Woodlands
SLE,BKE(Woodlands) Exit,Woodlands
SLE,Yio Chu Kang Flyover,Ang Mo Kio
SLE,Seletar Flyover,Seletar
SLE,Lentor Flyover,Ang Mo Kio
SLE,Upper Thomson Flyover,Ang Mo Kio
SLE,Sembawang Flyover,Yishun
SLE,Ulu Sembawang Flyover,Woodlands
SLE,Marsiling Flyover,Woodlands
SLE,Woodlands South Flyover,Woodlands
SLE,Mandai Rd Exit,Bukit Panjang
SLE,Mandai Ave Exit,Yishun
TPE,PIE(Changi) Exit,Jurong East/West
TPE,Upper Changi Rd North Exit,Simei
TPE,Upper Changi Rd East Exit,Simei
TPE,PIE Exit,Simei
TPE,PIE Entrance,Simei
TPE,Tampines Ave 7 Exit,Tampines
TPE,Tampines Ave 12 Exit,Tampines
TPE,Pasir Ris Drive 1 Exit,Pasir Ris
TPE,Pasir Ris Dr 1 Exit,Pasir Ris
TPE,Elias Rd Exit,Pasir Ris
TPE,Tampines Ave 10 Exit,Tampines
TPE,Pasir Ris Drive 12 Exit,Pasir Ris
TPE,Pasir Ris Dr 12 Exit,Pasir Ris
TPE,Tampines Link.,Tampines
TPE,Loyang Ave Exit,Tampines
TPE,Loyang Ave.,Tampines
TPE,Tampines Link Exit,Tampines
TPE,Lorong Halus.,Punggol
TPE,Lorong Halus Exit,Punggol
TPE,Punggol Rd Exit,Punggol
TPE,Sengkang East Rd Exit,Punggol
TPE,Punggol Way.,Punggol
TPE,Piccadilly Circus Exit,Seletar
TPE,Jalan Kayu Exit,Seletar
TPE,Yio Chu Kang Rd Exit,Seletar
TPE,SLE Exit,Seletar
TPE,PIE(Tuas) Exit,Simei
TPE,KPE Exit,Hougang
TPE,KPE Entrance,Hougang
TPE,KPE(PIE) Exit,Punggol
TPE,CTE Entrance,Seletar
TPE,CTE Exit,Seletar
TPE,CTE(PIE) Exit,Seletar
TPE,SLE Entrance,Seletar
TPE,SLE(BKE) Exit,Seletar
TPE,Upper Changi Flyover,Simei
TPE,Loyang Flyover,Tampines
TPE,Pasir Ris Flyover,Pasir Ris
TPE,Api Api Flyover,Pasir Ris
TPE,Tampines Flyover,Tampines
TPE,Punggol Flyover,Punggol
TPE,Punggol West Flyover,Punggol
TPE,Jalan Kayu Flyover,Seletar
TPE,Seletar Flyover,Seletar
TPE,Pasir Ris Dr 8 Exit,Pasir Ris
TPE,Tampines Rd Exit,Tampines
CTE,Jalan Bukit Merah Exit,Telok Blangah
CTE,Chin Swee Road Exit,Telok Blangah
CTE,Tiong Bahru Rd Exit,Telok Blangah
CTE,Clemenceau Ave Exit,City
CTE,Merchant Rd Exit,City
CTE,Havelock Rd Exit,City
CTE,Clemenceau Ave.,City
CTE,Buyong Rd Exit,City
CTE,Orchard Rd Exit,City
CTE,Cairnhill Circle Exit,Toa Payoh
CTE,Cavenagh Rd Exit,City
CTE,Moulmein Rd Exit,Toa Payoh
CTE,Jalan Bahagia Exit,Toa Payoh
CTE,PIE(Jurong) Exit,Toa Payoh
CTE,Jalan Kebun Limau Exit,Toa Payoh
CTE,PIE(Changi) Exit,Toa Payoh
CTE,Upper Serangoon Rd Exit,Serangoon
CTE,Braddell Rd/Lor Chuan Exit,Bishan
CTE,AMK Ave 3 Exit,Ang Mo Kio
CTE,AMK Ave 5 Exit,Ang Mo Kio
CTE,Yio Chu Kang Rd Exit,Ang Mo Kio
CTE,SLE Exit,Ang Mo Kio
CTE,SLE Entrance,Ang Mo Kio
CTE,AYE Entrance,Telok Blangah
CTE,AYE Exit,Telok Blangah
CTE,Radin Mas Flyover,Telok Blangah
CTE,Bukit Merah Flyover,Telok Blangah
CTE,Outram Flyover,City
CTE,Chin Swee Tunnel,City
CTE,Kampong Java Tunnel,City
CTE,Moulmein Flyover,Toa Payoh
CTE,Braddell Flyover,Toa Payoh
CTE,Whampoa Flyover,Toa Payoh
CTE,Ang Mo Kio South Flyover,Bishan
CTE,Ang Mo Kio Central Flyover,Ang Mo Kio
CTE,Ang Mo Kio North Flyover,Ang Mo Kio
CTE,Yio Chu Kang Flyover,Ang Mo Kio
CTE,Seletar Flyover,Seletar
CTE,Ang Mo Kio Ave 1 Entrance,Ang Mo Kio
CTE,Braddell Rd Entrance,Bishan
CTE,SLE Entrance,Ang Mo Kio
CTE,AMK Ave 1 Exit,Ang Mo Kio
CTE,Ang Mo Kio Ave 3 Entrance,Ang Mo Kio
CTE,Ang Mo Kio Ave 5 Entrance,Ang Mo Kio
CTE,Braddell Rd Exit,Toa Payoh
AYE,ECP Exit,City
AYE,Keppel Rd Exit,City
AYE,CTE Exit,Telok Blangah
AYE,CTE Entrance,Telok Blangah
AYE,CTE(PIE) Exit,Telok Blangah
AYE,CTE(SLE) Exit,Telok Blangah
AYE,CTE(TPE) Exit,Telok Blangah
AYE,Lower Delta Rd Exit,Telok Blangah
AYE,Alexandra Rd Exit,Telok Blangah
AYE,Queensway Exit,Telok Blangah
AYE,Portsdown Rd Exit,Telok Blangah
AYE,North Buona Vista Rd Exit,Queenstown
AYE,South Buona Vista Rd Exit,Clementi
AYE,Clementi Rd Exit,Clementi
AYE,Clementi Ave 2 Exit,Clementi
AYE,Clementi Ave 6 Exit,Clementi
AYE,Jurong Town Hall Rd Exit,Pandan
AYE,West Coast Way.,Clementi
AYE,Penjuru Rd Exit,Pandan
AYE,Yuan Ching Rd Exit,Pandan
AYE,Corporation Rd Exit,Jurong Industrial Estate
AYE,Jurong Port Rd Exit,Jurong Industrial Estate
AYE,Jalan Boon Lay Exit,Jurong Industrial Estate
AYE,Jurong Pier Rd Exit,Jurong Industrial Estate
AYE,Pioneer Rd North Exit,Jurong Industrial Estate
AYE,Pioneer Rd Exit,Tuas
AYE,First Lok Yang Rd Exit,Jurong Industrial Estate
AYE,Benoi Rd Exit,Tuas
AYE,Tuas Rd Exit,Tuas
AYE,PIE Exit,Tuas
AYE,PIE Entrance,Tuas
AYE,Tuas West Rd Exit,Tuas
AYE,Tuas Ave 8 Exit,Tuas
AYE,Tuas West Drive Exit,Tuas
AYE,Second Link Exit,Tuas
AYE,PIE(Changi) Exit,Tuas
AYE,PIE(KJE) Exit,Tuas
AYE,ECP(Changi) Exit,City
AYE,ECP(PIE) Exit,City
AYE,Normanton Park Exit,Telok Blangah
AYE,Keppel Viaduct,Telok Blangah
AYE,Radin Mas Flyover,Telok Blangah
AYE,Lower Delta Flyover,Telok Blangah
AYE,Gillman Flyover,Pasir Panjang
AYE,Buona Vista Flyover,Queenstown
AYE,University Flyover,Clementi
AYE,Clementi Flyover,Clementi
AYE,Pandan Flyover,Clementi
AYE,Teban Flyover,Pandan
AYE,Corporation Flyover,Pandan
AYE,Jurong Hill Flyover,Jurong Industrial Estate
AYE,Pioneer Flyover,Jurong Industrial Estate
AYE,Tuas Flyover,Tuas
AYE,Tuas West Underpass,Tuas
AYE,Tuas Checkpoint Viaduct,Tuas
AYE,Jalan Ahmad Ibrahim,Jurong Industrial Estate
AYE,Keppel Rd Entrance,Telok Blangah
AYE,Yuan Ching,Pandan
AYE,Jurong Town Hall Exit,Jurong East/West
AYE,Buona Vista Exit,Clementi
AYE,Normanton Exit,Telok Blangah
AYE,Clementi Ave 6 Entrance,Clementi
PIE,Changi Flyover,Changi
PIE,Kallang Bahru Flyover,Macpherson
PIE,Aljunied West Flyover,Toa Payoh
PIE,Upper Changi Flyover,Simei
PIE,Simei Flyover,Simei
PIE,Tampines South Flyover,Chai Chee
PIE,Bedok Reservoir Flyover,Chai Chee
PIE,Bedok North Flyover,Chai Chee
PIE,Eunos Flyover,Macpherson
PIE,Pasir Laba Flyover,Jurong Industrial Estate
PIE,Tuas Flyover,Tuas
PIE,Paya Lebar Flyover,Macpherson
PIE,Kallang Way Flyover,Macpherson
PIE,Woodsville Flyover,Toa Payoh
PIE,Whampoa Flyover,Toa Payoh
PIE,Kim Keat Flyover,Macpherson
PIE,Toa Payoh South Flyover,Toa Payoh
PIE,Thomson Flyover,Toa Payoh
PIE,Mount Pleasant Flyover,Macritchie Reservoir
PIE,Adam Flyover,Macritchie Reservoir
PIE,Eng Neo Flyover,Macritchie Reservoir
PIE,Chantek Flyover,Bukit Timah
PIE,Anak Bukit Flyover,Bukit Timah
PIE,Clementi North Flyover,Clementi
PIE,Toh Tuck Flyover,Bukit Batok
PIE,Toh Guan Flyover,Bukit Batok
PIE,Bukit Batok Flyover,Bukit Batok
PIE,Hong Kah Flyover,Jurong East/West
PIE,Tengah Flyover,Jurong East/West
PIE,Bahar Flyover,Jurong Industrial Estate
PIE,Nanyang Flyover,Jurong Industrial Estate
PIE,Tuas Underpass,Tuas
PIE,Changi Airport Exit,Changi
PIE,Upper Changi Rd North/East Exit,Changi
PIE,Upper Changi Rd North Exit,Changi
PIE,Upper Changi Rd East Exit,Changi
PIE,TPE(SLE) Exit,Tampines
PIE,Changi Village Exit,Changi
PIE,Pasir Ris Town Exit,Pasir Ris
PIE,Changi South Ave 3 Exit,Simei
PIE,TPE Exit,Simei
PIE,TPE Entrance,Simei
PIE,Simei Rd Exit,Simei
PIE,TPE(CTE) Exit,Simei
PIE,TPE(KPE) Exit,Simei
PIE,Tampines Street 31 Exit,Simei
PIE,Tampines Ave 2 Exit,Simei
PIE,Tampines New Town Exit,Simei
PIE,Simei New Town Exit,Simei
PIE,Changi General Hospital Exit,Simei
PIE,Tampines Ave 5 Exit,Simei
PIE,Tampines Central Exit,Simei
PIE,Tamasek Polytechnic Exit,Simei
PIE,Bedok North Ave 3 Exit,Chai Chee
PIE,Bedok North Rd.,Chai Chee
PIE,Bedok New Town Exit,Chai Chee
PIE,Bedok Reservior Rd Exit,Chai Chee
PIE,Tampines Ave 10 Exit,Tampines
PIE,Jalan Eunos,Macpherson
PIE,Eunos Crescent Exit,Macpherson
PIE,Eunos Link Exit,Macpherson
PIE,Still Rd Exit,Marine Parade
PIE,Paya Lebar Rd Exit,Macpherson
PIE,Geylang Rd Exit,Macpherson
PIE,Airport Rd Exit,Macpherson
PIE,Kallang Way.,Macpherson
PIE,Sims Way.,Macpherson
PIE,Kallang Bahru Exit,Toa Payoh
PIE,Bendemeer Rd Exit,Toa Payoh
PIE,ECP Exit,Changi
PIE,ECP Entrance,Changi
PIE,ECP(AYE) Exit,Changi
PIE,CTE Exit,Toa Payoh
PIE,CTE Entrance,Toa Payoh
PIE,CTE(AYE) Exit,Toa Payoh
PIE,CTE(TPE) Exit,Toa Payoh
PIE,CTE(SLE) Exit,Toa Payoh
PIE,CTE(Ang Mo Kio) Exit,Toa Payoh
PIE,CTE(AMK) Exit,Toa Payoh
PIE,Balestier Rd Exit,Toa Payoh
PIE,Moulmein Rd Exit,Toa Payoh
PIE,CTE(Braddell Rd) Exit,Bishan
PIE,Upper Serangoon Rd Exit,Serangoon
PIE,MacPherson Rd Exit,Serangoon
PIE,Kim Keat Link Exit,Toa Payoh
PIE,Thomson Rd Exit,Toa Payoh
PIE,Kim Keat Link,Toa Payoh
PIE,Lorong 2 Toa Payoh Exit,Toa Payoh
PIE,Jalan Datoh Exit,Toa Payoh
PIE,Whitley Rd Exit,Toa Payoh
PIE,Onraet Rd Exit,Macritchie Reservoir
PIE,Stevens Rd Exit,Macritchie Reservoir
PIE,Bukit Timah Rd Exit,Macritchie Reservoir
PIE,MacRitchie Reservior Exit,Macritchie Reservoir
PIE,Lornie Rd Exit,Macritchie Reservoir
PIE,Eng Neo Ave Exit,Macritchie Reservoir
PIE,Adam Rd Exit,Macritchie Reservoir
PIE,Farrer Rd Exit,Holland Village
PIE,BKE Entrance,Bukit Timah
PIE,BKE Exit,Bukit Timah
PIE,BKE(Woodlands) Exit,Bukit Timah
PIE,BKE(KJE) Exit,Bukit Timah
PIE,BKE(SLE) Exit,Bukit Timah
PIE,Dairy Farm Rd Exit,Upper Bukit Timah
PIE,Upper Bukit Timah Rd Exit,Upper Bukit Timah
PIE,Jalan Jurong Kechil Exit,Bukit Timah
PIE,Clementi Avenue 6 Exit,Bukit Timah
PIE,Commonwealth Ave West Exit,Holland Village
PIE,Dunearn Rd Exit,Macritchie Reservoir
PIE,Clementi Rd Exit,Clementi
PIE,Clementi New Town Exit,Clementi
PIE,Clementi New Town.,Clementi
PIE,AYE Exit,Clementi
PIE,AYE Entrance,Clementi
PIE,AYE(CTE) Exit,Clementi
PIE,AYE(ECP) Exit,Clementi
PIE,Toh Tuck Ave Exit,Bukit Batok
PIE,Bukit Batok East Ave 3 Exit,Bukit Batok
PIE,Toh Tuck Avenue,Bukit Batok
PIE,Old Toh Tuck Rd Exit,Bukit Batok
PIE,Toh Guan Rd East Exit,Bukit Batok
PIE,Jurong East Central Exit,Bukit Batok
PIE,Jurong East Central.,Bukit Batok
PIE,Toh Guan Rd Exit,Bukit Batok
PIE,Jurong Town Hall Rd Exit,Bukit Batok
PIE,Bukit Batok Rd Exit,Bukit Batok
PIE,Jurong Canal Rd Exit,Jurong East/West
PIE,Jurong West Ave 2.,Jurong East/West
PIE,Jurong West Ave 2 Exit,Jurong East/West
PIE,Jurong Rd Exit,Jurong East/West
PIE,KJE Exit,Jurong East/West
PIE,KJE Entrance,Jurong East/West
PIE,KJE(BKE) Exit,Jurong East/West
PIE,Jalan Bahar Exit,Jurong Industrial Estate
PIE,Jalan Bahar.,Jurong Industrial Estate
PIE,Bedok North Rd Exit,Chai Chee
PIE,Jurong Town Hall Rd.,Bukit Batok
PIE,Upper Bukit Timah Rd.,Bukit Timah
PIE,Paya Lebar Rd.,Macpherson
PIE,Pioneer Road North,Jurong Industrial Estate
PIE,Upper Jurong Rd Exit,Jurong Industrial Estate
PIE,Jalan Ahmad Ibrahim,Jurong Industrial Estate
PIE,Tuas Rd Exit,Tuas
PIE,Pasir Laba Rd Exit,Jurong Industrial Estate
PIE,Simei Ave Entrance,Simei
PIE,Kallang.,Kallang
PIE,KPE Entrance,Kallang
PIE,KPE Exit,Kallang
PIE,KPE(TPE) Exit,Kallang
PIE,Sims Avenue Exit,Kallang
PIE,Eng Neo Rd Exit,Macritchie Reservoir
PIE,BKE.,Bukit Timah
PIE,KPE.,Kallang
PIE,CTE.,Toa Payoh
PIE,ECP.,Changi
PIE,KJE.,Jurong East/West
PIE,Eng Neo Ave.,Macritchie Reservoir
PIE,Tampines Ave 5.,Simei
PIE,Thomson Rd.,Toa Payoh
PIE,Pasir Laba,Jurong Industrial Estate
PIE,Bedok North Avenue 3 exit,Chai Chee
PIE,Pioneer Rd North.,Jurong Industrial Estate
PIE,Adam Rd Entrance,Macritchie Reservoir
ECP,Changi Flyover,Changi
ECP,Tanah Merah Flyover,Simei
ECP,Laguna Flyover,Marine Parade
ECP,Tanjong Katong Flyover,Katong
ECP,Tanjong Rhu Flyover,Katong
ECP,Marine Parade Flyover,Marine Parade
ECP,Benjamin Sheares Bridge,City
ECP,Telok Ayer Flyover,City
ECP,PIE(Jurong) Exit,Telok Blangah
ECP,TPE(SLE) Exit,Changi
ECP,Changi Coast Rd Exit,Changi
ECP,Xilin Ave Exit,Simei
ECP,East Coast Park Carpark H Exit,Bedok
ECP,East Coast Park Carpark F3 Exit,Bedok
ECP,Bayshore Rd Exit,Bedok
ECP,East Coast Park Service Rd Exit,Marine Parade
ECP,Bedok South Ave 1 Exit,Bedok
ECP,Marine Parade Rd Exit,Marine Parade
ECP,Siglap Link Exit,Marine Parade
ECP,Marine Vista Exit,Marine Parade
ECP,East Coast Park Exit,Marine Parade
ECP,Still Rd Sth Exit,Marine Parade
ECP,Tanjong Katong Rd Exit,Katong
ECP,Fort Rd Exit,Katong
ECP,KPE Exit,Kallang
ECP,KPE Entrance,Kallang
ECP,Rochor Rd Exit,City
ECP,Prince Edward Rd Exit,City
ECP,Central Boulevard Exit,City
ECP,Marina Place Exit,City
ECP,Keppel Rd Exit,Telok Blangah
ECP,KPE(TPE) Exit,Kallang
ECP,Maxwell Rd Entrance,City
ECP,Marina Sth Exit,City
ECP,Bedok South Ave 1 Entrance,City
ECP,PIE(Tuas) Exit,Changi
ECP,AYE(PIE) Exit,City
CTE,PIE Exit,Toa Payoh
CTE,PIE Entrance,Toa Payoh
ECP,PIE Exit,Changi
ECP,PIE Entrance,Changi
ECP,Changi Village Exit,Changi
AYE,Alexandra Rd Entrance,Queenstown
PIE,Clementi Rd Entrance,Clementi
AYE,Clementi Rd Entrance,Clementi
PIE,Bukit Batok East Ave 3.,Bukit Batok
BKE,Turf Club Ave Exit,Kranji
ECP,Maxwell Rd Exit,City
ECP,Marine Parade Exit,Marine Parade
PIE,Toa Payoh 17D Exit,Toa Payoh
PIE,Jurong West Ave 2.,Jurong East/West
BKE,Mandai Rd Entrance,Bukit Panjang
AYE,Jurong Town Hall Entrance,Pandan
SLE,Lentor Ave Entrance,Ang Mo Kio
CTE,Balestier Rd Exit,Toa Payoh
ECP,Tampines Exit,Simei
PIE,Toa Payoh Exit,Toa Payoh
PIE,Adam Rd.,Macritchie Reservoir
PIE,Lornie Rd.,Macritchie Reservoir
PIE,Toh Tuck Ave.,Bukit Batok
PIE,Paya Lebar Rd Entrance,Macpherson
PIE,KPE(ECP) Exit,Kallang
PIE,Clementi Ave 6 Exit,Clementi
PIE,Tampines St 31.,Simei
PIE,Jurong East Ave 1.,Jurong East/West
